{"cameraMode":{"drawMode":0,"name":"Shaded","section":"Shading Mode"},"sceneLighting":false,"audioPlay":false,"sceneViewState":{"m_AlwaysRefresh":false,"showFog":false,"showSkybox":false,"showFlares":false,"showImageEffects":false,"showParticleSystems":false,"showVisualEffectGraphs":true,"m_FxEnabled":true},"in2DMode":false,"pivot":{"x":0.03927622735500336,"y":0.9378571510314941,"z":0.5250059962272644},"rotation":{"x":-0.004846418742090464,"y":0.9861876368522644,"z":-0.16300667822360993,"w":-0.029296724125742914},"size":1.509376883506775,"orthographic":false}